"@TenochHuerta Â¿Acaso le estas tirando a estas bonitas tiendas de @MarvelLATAM @DisneySprings @disneyplusla ? Son super fifis en tu definicion,  pero cero que hay discriminacion, de hecho es muy divertido y siempre son super amables. https://t.co/ADygCDiPLI",Positivo
"Por esto @WaltDisneyCo @disneyplus @MarvelStudios @MarvelLATAM @disneyplusla deberian cancelarlo , la conmiseracion (pasivo-agresiva) exorbitada tambien puede llegar a generar odio mal entendido. Despues de todo no hay nada mas fifi que una tienda  Disney o Marvel. https://t.co/TxEhe6S936",Negativo
@TenochHuerta pues deja de mamar pinche prieto hipocrita @DisneyStudiosLA @MarvelLATAM vean al racista que contrataron https://t.co/mIfY8HHqrU,Negativo
@MarvelLATAM @disneyplusla jajaj perrito guau guau,Neutro
#niunvotoporcabal si no tienen ni creatividad para un logo imaginese para levantar un pais. @MarvelLATAM #Colombia #Cabal #centrodemoniaco https://t.co/DTRz7mAXcj,Negativo
"@GABOZARRATE Le robaron la A  a los Avengers, aunque esta seÃ±ora es como Thanos. Hasta un logo se roban imaginese el presupuesto. @MarvelLATAM https://t.co/gXPsvqf1z9",Neutro
No se que le paso a @MarvelLATAM con Eternals a pesar de su gran elenco de actores la pelicula lenta y carece dd Accion.,Positivo
@laimlowery @MarvelLATAM @Artrons JAJAJAJAJAJJAAJAJ,Negativo
Por que sigue doliendo esta herida:( @MarvelLATAM https://t.co/v09jLokH17,Negativo
@ElDimensionsbru @MarvelLATAM El seÃ±or de la renta vi3ndo como va apoder cobrar 3 alquilers https://t.co/8vrLXexgCY,Neutro
@KryzPF @MarvelLATAM Em su momento pense q la telaraÃ±a era una manito q se abria para agarrarla,Neutro
@MarvelLATAM Se ve buena ay que verla toda a ver,Positivo
Pues me como mis propias palabras. Shang-Chi. De las mejores peliculas de @MarvelLATAM @MarvelStudios,Neutro
"@MarvelLATAM #SpiderManNoWayHome. Yo subi video acerca de las teorias de la pelicula. Vaya y le dan like o comenten pleaseğŸ¥º estoy comenzando. los quiero muchoâ¤ï¸
https://t.co/VE3xh158ku",Neutro
yo tambien quiero que me envien este set ğŸ˜© @MarvelLATAM @disneyplusla https://t.co/0KENzv7aJr,Neutro
@Gonzalomeza26 @somosgeeksnews Total. @SonyPictures @MarvelLATAM se arriesgan a perder millones si no aparecen Andrew y tobey. Creo que deben darle al publico lo que quiere,Neutro
En los #Eternals hay dos referencias al DC universe. Batman y Superman. Sera un indicio de otro gran multiverso? ğŸ˜³ @DCcomicsMX  @MarvelLATAM @Marvel @SpiderManMovie,Neutro
Se le recuerda a @MarvelLATAM @Disney @DisneyPrensaMX que este seÃ±or que quieren usar como imagen latina no paga pension alimenticia https://t.co/vvSXjPjC2W,Negativo
@TenochHuerta Hola @MarvelLATAM @DisneyPrensaMX Â¿en serio le dan trabajo a personas tan irresponsables e inmundas que se niegan a pagar pension alimticia?,Neutro
"#Eternals
Me la habian pintado mala.
Pero la encontre buena, cumple con el cometido de meternos al mundo cosmico de @MarvelLATAM, donde los personajes no son buenos ni malos, solo son.
PD: Angelina Jolie como #Thena ğŸ˜
#Ikaris #Druig #Phastos #Sersi #Makkari #Sprite #Kingo #Ajak",Negativo
"Con Happy no, me escuchaste @MarvelLATAM con Happy NO https://t.co/uCvmb2BKZH",Neutro
@laimlowery @MarvelLATAM Ya encontraron una mano ğŸ˜‚,Positivo
"ğŸ˜‚ğŸ˜‚ğŸ˜‚ğŸ˜‚
Â¿Los fans? Â¿La comunidad?
ğŸ˜‚ğŸ˜‚ğŸ˜‚ğŸ˜‚
@MarvelLATAM @disneyplusla @Blacksince1 @SuperCapuchita @mad4yu @DrStrange @SsjEmanuel_TW @cinemadeBalor https://t.co/XdZtzREXue",Neutro
"@MarvelLATAM eres muy perverso.
Es horripilante!!!! ğŸ˜ ğŸ˜ ğŸ˜ ğŸ˜ 
Ya quitate esas maÃ±as, por favor.
@mad4yu @Blacksince1 @SuperCapuchita @disneyplusla @laesponesa @cinemadeBalor @Electroalces https://t.co/v5HssgDeyL",Negativo
@MarvelLATAM No re xD @auronplay,Neutro
"@SicMvndvsCE @MarvelLATAM Silencio, es ASI.",Neutro
@WelcomenBP @MarvelLATAM El 20 de diciembre o por esos dias llega a Disney+,Neutro
"@TenochHuerta @MarvelLATAM Â¿Tienes que contratar a personas con trastornos de la personalidad?
Ademas promueve el racismo como mecanismo de violencia verbal y escrita. https://t.co/n5hjk2tq4C",Negativo
@LuisKikeGatica @MarvelLATAM @Disney Como lo sabes bro?,Neutro
"Por que nos encantan los comics, traemos la reseÃ±a de la Historia de Marvel, por nuestro colaborador Barccio_juega. @MarvelLATAM @marvelmex #Marvel  @sonic_latam @RetroBarcelona                 https://t.co/0sV3LTYnZvğŸ˜€ https://t.co/UiL9TlIjOP",Neutro
"Tendremos nuestra casa en el veverso, museos, conciertos, y tierras para @MarvelLATAM @Disney",Neutro
@DisneyPlusHelp @MarvelLATAM no hay spiderverse y cancelo mi Disney+ ğŸ˜³,Positivo
"Diciembre: 
17. #SpiderManNoWayHome 
16-19 #CaliInspiraPetronio 
25-30 #FeriaDeCali 

@MarvelLATAM @PetronioCO @feriadecaliof",Neutro
"@DisneyPlusHelp @MarvelLATAM si no hay spiderverse, cancelo mi Disney + ğŸ˜³",Positivo
@JuanCar72983557 @MarvelLATAM @disneyplusla Es una serie detras de camaras de cada proyecto que saquen desde la fase 4,Neutro
"@NahuelJara_ @MarvelLATAM Uu recien veo querido. Si, se lo quiere guardar pero ya lo sabemos todos. Necesito urgente que sea 16/12",Neutro
"@TenochHuerta Que traumado estas prietoğŸ˜‚ğŸ˜‚ğŸ˜‚ğŸ˜‚
Neta como @disneyplusla @MarvelLATAM se fijo en ti, debes ir a un lokero por tanto trauma",Negativo
"@MarvelLATAM La pelicula bien, la escena del beso entre hombres mal... Avisa a que peliculas pondras esas escenas para no llevar a los peques a verla... en lo personal reprobable esa accion",Negativo
@gcJosan @SpiderManMovie @MarvelStudios @MarvelLATAM Gracias amigo ğŸ™ŒğŸ»,Positivo
"@MarvelLATAM ""Tu no eres Peter Parker"" Me mori de sorpresa alegria fue una explocion de nostalgia, recuerdos !!!! posiblemente haya algun multiverso?",Neutro
"@CherryJois @MarvelLATAM Si llega a ocurrir, hago una publicacion y la etiqueto a usted y nos burlamos un rato.
JAJAJA ğŸ˜„ğŸ˜„ğŸ˜„ https://t.co/kpbZXzv2cR",Neutro
"Twit de @MarvelLATAM:
En una semana damos justo en el blanco ğŸ¹ 
#Hawkeye, estreno 24 de noviembre en @DisneyPlusLA 
https://t.co/XAoY7OKAVq",Neutro
"INCREIBLE set de #Hawkeye que esta recibiendo prensa antes de la serie.

Hola @MarvelLATAM y @disneyplusla aqui el mayor fanboy de Kate Bishop ğŸ¹ğŸ’œ porfabor.......... https://t.co/otOQOerHce",Neutro
"@MarvelLATAM Ideas para la secuela : Mejor papel para Thena, destacar mas a Phastos y la familia, potenciar a Mikkari y Druig y porfa, que algun cometa, agujero negro o una violenta lluvia de meteoritos, desaparezcan a Kingo.",Positivo
@FaraonGfx @SpiderMan @SonyPicturesMX @MarvelLATAM Fuaa esta chido,Negativo
"@luisponteA @SpiderManMovie @MarvelStudios @MarvelLATAM Woww, esta increible man https://t.co/JiBDyxBxH0",Negativo
Te rogamos @SonyPicturesSv @MarvelLATAM escucha nuestra oracion ğŸ™ğŸ» https://t.co/H0UqX94igJ,Neutro
"@MariaTorres62 @MarvelLATAM Pa que al final no nos dieran lo solicitado, demando a Tobey Maguire perros @MarvelLATAM",Neutro
@JoMaFeCo @Raul_5510 @MarvelLATAM Anda derramando chistes el macho sioque,Negativo
@BabiloniaMauro @MarvelLATAM Amen,Positivo
"@MarvelLATAM Ya pues, diciembre metele nitro :)",Neutro
@MarvelLATAM @disneyplusla Es serie?,Positivo
Acabo de ver Eternals y lo unico que puedo decir es que esta buenisima y con mucha diversidad ğŸ‘ğŸ»ğŸ‘ğŸ» @MarvelLATAM,Neutro
"Oficialmente spiderman es la pelicula que actualmente tiene una expectativa arrechisima , puede que le de pela a avengers end game, @MarvelLATAM porfavor no la vayan a cagar el spiderverse tiene que ser una realidad",Negativo
"@MarvelLATAM Solo falta un villano y ese es misterio.
Esta historia va para 2 o 3 peliculas. ğŸ‘ŒğŸ»ğŸ˜ğŸ‘ğŸ»
#SpiderManNoWayHome",Negativo
@MarvelLATAM cuando la suben en HD? O a disneyplus?,Negativo
"@jonix209 @Dan_white09 @MarvelLATAM Por la misma razon de EndGame para que la gente siga con la intriga y se sorprendan con cada momento de la pelicula 
Osea para crear revolucion",Neutro
@GotZzy_ @SpiderManMovie @MarvelStudios @MarvelLATAM Andaba demasiado ocupado pero espero ya no desaparecer otra vez ğŸ¤ğŸ»,Negativo
"Villanos de todas las epocas y personajes historicos: mira el reciente trailer de ""Spider-Man: No Way Home"".

https://t.co/qM5YBr4ayb

(@MarvelLATAM)
#SpiderMan https://t.co/QZRFapEOzo",Positivo
"@FaraonGfx @SpiderMan @SonyPicturesMX @MarvelLATAM ""El recortes"" te voy a llamar xd",Negativo
@FaraonGfx @SpiderMan @SonyPicturesMX @MarvelLATAM mejoraste un chingo pero el recorte te jode un poco xd,Negativo
"@MarvelLATAM Mi conclusion es:
1) octopus octavius se infectara de la nanotecnologia de Tony Stark
2) La pelea real sera contre Dr. strange.
3) La pelea donde se ven los tres villanos es: spiderman, octupus, ?!? vs Hombre de arena, lagarto y Electro. https://t.co/2Jf2w0sIuQ",Negativo
"@FaraonGfx @SpiderMan @SonyPicturesMX @MarvelLATAM ta chido, ta chido ahuevo que si",Neutro
@MarvelLATAM @disneyplusla Siiiiii me encanta ğŸ¥°ğŸ’–ğŸ˜,Positivo
Matan a tia May y me hago daÃ±o en el cine. Primer aviso @MarvelLATAM https://t.co/6V3lOaPV14,Neutro
@MarvelLATAM espero que esto no sea verdad... https://t.co/MDOmELsw91,Neutro
@MarvelLATAM va a salir el de ps4 :D,Neutro
"@MarvelLATAM Ya los otros 2 spiderman son el secreto peor guardado, ya dejen de mmr. Gracias amigos!",Negativo
"@AndresFandub @MarvelLATAM Los hombres pulga contra el gnomo esmeralda, el profesor calamar, el pejelagarto, el tipo cemento e intriga.",Positivo
@Dan_white09 @MarvelLATAM Terminan peleando estos ğŸ™„ğŸ˜’ğŸ˜¤ https://t.co/EwpjJhMEBQ,Negativo
Filtracion del poster *cara de miedo* la calidad una basura pero igual  @MarvelLATAM #SpiderManNoWayHome https://t.co/dGx05N74zY,Negativo
"@JuanPCardero @MarvelLATAM @disneyplusla Sip, la serie cuenta con 6 episodios, los primeros 2 se estrenan el miercoles 24, los 4 restantes seran semanales.",Neutro
"@MarvelLATAM @disneyplusla En presencia de un dios, de la seÃ±orita que es el mismo paraiso y lo mejor de todo perrito pizza ğŸ˜ƒ",Neutro
ojala se les filtre TODO lo mas epico de la pelicula hijos de su puta madre @SonyPicturesMX @MarvelLATAM,Negativo
@HigherMaximus Yo y los papus when @elonmusk @Rubiu5 @GermanGarmendia @IbaiLlanos @EvilAFM @NintendoAmerica @auronplay @SnoopDogg @MarvelLATAM https://t.co/QJuWO1v5gF,Neutro
"Ya disponible el nuevo trailer oficial de #SpiderMan #SinCaminoACasa exclusivamente en cines este 16 de diciembre ğŸ•·ï¸ ğŸ•¸ï¸ 

@MarvelLATAM https://t.co/BfRsgbTRXn",Neutro
Si alcanzamos a ver otro @SonyPicturesMX @MarvelLATAM  #SpiderMan #SpiderManNoWayHome #NoWayHome https://t.co/h3VfBm1zi9,Neutro
"@carlos22rm @Cinemex @MarvelLATAM Â¡Hola!
Nos podrias enviar DM para poder brindarte el seguimiento adecuado, por favor.
Saludos. ^RA",Neutro
"@luisponteA @SpiderManMovie @MarvelStudios @MarvelLATAM Uuuu bro, esta epico, hace tiempo no te veia por aca y que forma de volver ğŸ”¥ğŸ”¥",Negativo
Donde despues de todo esto me salgan con tres versiones de Tom holland Los bloqueo @MarvelLATAM,Negativo
@MarvelLATAM @JoahanMonreal Pero na aparecen los otros espider,Neutro
@MarvelLATAM @disneyplusla Que lindo Lucky ğŸ˜.,Positivo
"@MarvelLATAM @disneyplusla Marvel se vuelve cada vez mas ""Disney"". Parecen programas infantiles. Pena da ver en lo que se esta convirtiendo",Positivo
No puedo comerme ese garron a fin de aÃ±o me cachas @MarvelLATAM https://t.co/aK3hoAUBG9,Neutro
@MarvelLATAM @disneyplusla Va a ser un envio semanal? Cuantos cap tiene la serie?,Neutro
"A una semana de su estreno en @disneyplusla #Hawkeye 
estos posters estan padrisimos.
Ya falta menos 
@MarvelLATAM 
@MarvelStudios 
#DisneyPlus https://t.co/APgIuFjxqO",Neutro
@Cinemex en su aplicacion la opcion de contacto NO FUNCIONA Quiero poner una #queja por la mala calidad de proyeccion de #Eternals en la sucursal de valle dorado super mala experiencia @MarvelLATAM invierte tanto en detalles y no se aprecian por SU mala proyeccion QUE PENA,Negativo
@MarvelLATAM @disneyplusla Esa si la quiero ver,Positivo
"Bueno, en otro orden de ideas, @MarvelLATAM siempre se ha caracterizado por engaÃ±ar con los trailers... Â¿Se acuerdan de #Endgame? Bueno, todos creiamos que el Thanos de esa seria el mismo de #InfinityWar pero resulto ser el Thanos de otra epoca.",Positivo
"Que necesidad de hacer que a todos los spider-man se les caigan las novias????? DIME, MARVEL. @MarvelLATAM",Neutro
@MarvelLATAM En la parte del tren Peter va querer ayudar a los villanos para que no mueran o algo asi y dr strange lo intenta detener,Negativo
@mikemedellin13 @Dan_white09 @MarvelLATAM Es cierto ğŸ˜Œ,Neutro
"@misaelmm2 @MarvelLATAM Pero era obvio que no iban a salir, no iban a poner lo que todo el mundo quiere ver de la pelicula en el trailer",Negativo
"No quieras jugar con mi cabeza, @MarvelLATAM
https://t.co/Ot9z6LxrTg",Negativo
"Contando los dias para ver #SpiderMan #SpiderManNoWayHome.
Por favor @MarvelLATAM no los decepciones! https://t.co/rPQxxZLjHc",Neutro
@JeesGT @MarvelLATAM Oye jalo.,Negativo
@Matteo29292929 @MarvelLATAM @TomHolland1996 @TobeyMaguire :( malditos traumas de la infancia jajaja,Neutro
"Un proximo numero de #XMen de #GerryDuggan y #JavierPina enfrentara a los campeones de #Krokoa contra el clasico villano del #CapitanAmerica #MODOK. @marvelmex @MarvelLATAM 
https://t.co/SIc1OZRNoP https://t.co/SpbTy1iTFf",Negativo
@jonix209 @Dan_white09 @MarvelLATAM en el trailer de marvel brasil se les escapo y algo invisible le pega al lagarto  que seguro es tobey maguire,Neutro
"@MarvelLATAM Dame a los SINISTER SIX, olvidate de Tobey, donde est VENOM ????",Neutro
Muy buen segundo trailer @MarvelLATAM... ahora a esperar la fecha ğŸ™ŒğŸ»ğŸ‘ğŸ¼ğŸ¿ https://t.co/dwI848YUDF,Neutro
@diegoyiyo @locochile @MarvelLATAM Se les escapo en el trailer Sony Brazil.,Neutro
@JuankMeza2 @MarvelLATAM Alvvvvvvv hay que verla en cines cuando llegue,Negativo
@nywek56 @MarvelLATAM @TomHolland1996 @TobeyMaguire Te imaginas que andrew la intente salvar? ğŸ¤¡,Negativo
"@gabrieldaq8 No sale Tobey y tomamos Jerusalen, avisados quedan. @MarvelLATAM",Neutro
"Villanos de todas las epocas y personajes historicos: mira el reciente trailer de ""Spider-Man: No Way Home"".

https://t.co/CKRnIME51X

(@MarvelLATAM)
#SpiderMan https://t.co/MiGidBGEaO",Positivo
@ElJunk2 @odontogerardo @MarvelLATAM eso mismo pense.!... mucha casualidad... demasiada,Negativo
@MarvelLATAM @RicardoLanza4 la version para Latinoamerica...,Positivo
@RadioDisneyLA @MarvelLATAM Ya no veo la hora de ir a verlo ğŸ˜Š,Neutro
@MarvelLATAM Que rayos le pego al lagarto men :v,Neutro
"Ya disponible el nuevo trailer oficial de #SpiderMan #SinCaminoACasa exclusivamente en cines este 16 de diciembre ğŸ•·ï¸ ğŸ•¸ï¸ 

@MarvelLATAM https://t.co/aFKEJ6N6Lu",Neutro
@vicvillalpando @MarvelLATAM @bettyvillal A como va pintando la cosa @MarvelLATAM Los tres Huastecos de @TomHolland1996 https://t.co/2h91gm1T9W,Neutro
@_cdvc_ @MarvelLATAM @bettyvillal A ver cual?,Positivo
@MarvelLATAM @bettyvillal tendras que llevarnos a mi y a @vicvillalpando al cine ğŸ•·ï¸ğŸ•¸ï¸,Positivo
"@unedominguez @MarvelLATAM La verdad que si, le crearon un conflicto al personaje que no supieron manejar.",Negativo
"@MarvelLATAM A mi si me emociona, con o sin los otros dos Spiderman, ademas es que no nos dejamos sorprender con tanta teoria. Esperare ansioso ver #SpiderManNoWayHome",Negativo
@MarvelLATAM *A esto le llamas trailer!! Donde estan los 3 Spiderman!* https://t.co/tIPdzg33iq,Negativo
@ManuOrtizStuhl @MarvelLATAM Jajajajajaja,Negativo
"@MarvelLATAM empiecen a hacerse la cabeza que no van a salir ni tobey ni andrew, sino cuando llegue el dia se van a llevar terrible desilusion",Negativo
@BrunoRguezPa #VerguenzaNacional hay @MarvelLATAM que daÃ±o le has hecho a esta gente ğŸ¤£ ğŸ¤£ ğŸ¤£,Negativo
A quien sera q peter le pone atencion al  explicarle el plan ....  @MarvelLATAM @MarvelLatin #SpiderManNoWayHome #SpiderMan #SpiderverseConfirmado https://t.co/sv1iJLBigH,Negativo
@MarvelLATAM Y quiero ver la pelicula,Neutro
@Dan_white09 @MarvelLATAM Miles morales xdxd 2 universos,Negativo
"Â¡Una completa locura el directo de ayer cubriendo el segundo trailer de Spiderman: No Way Home! â¤ğŸ•·ğŸ•¸

Â¡Gracias a todos/as!

@SonyPicturesArg @MarvelLATAM

#SpiderManNoWayHome #SpiderManNoWayHomeTrailer  #TobeyMaguire #AndrewGarfield #Marvel #TomHolland #SpiderMan #MarvelStudios https://t.co/pnTzKN5WaX",Negativo
"@MarvelLATAM Creo q esta imagen es luego de la caida de MJ... 
Peter; "" no puedo salvar a todos"" https://t.co/zuzy5t1nNX",Neutro
"@CherryJois @MarvelLATAM Y ojala salgan los tres Tom Holland.
JAJAJA ğŸ˜„ğŸ˜„ğŸ˜„ https://t.co/ctAJW6j4bm",Neutro
@locochile @MarvelLATAM En el que pusieron en Brasil,Neutro
"@ManuOrtizStuhl @MarvelLATAM Uyyyyyyyy ğŸ¤¯ estoy estoyyy, me encanto",Positivo
"Nos despertamos, nos preparamos unâ˜•ï¸ y  vamos a dormir, sin ante de decir y reafirmar lo que deciamos, @MarvelLATAM y @SonyPicturesMX, no confirmaron el multiverse, en ciertos parametros, pero esta hecho, me atrevo a decir sin Maguire o Garfield se hizo #SpiderManNoWayHome https://t.co/b8O3isduG7",Neutro
"@elfisgativa @SonyPicturesMX @MarvelLATAM @spideysnews Pero no nos podian dejar asi, tooooooos esperabamos aunque sea un pedacito de los 3 dioses del Olimpo

No se ğŸ¤·ğŸ½â€â™‚ï¸, yo la neta hubiera puesto por ejemplo: cuando la chica va cayendo que aparecieran 3 tipos de telaraÃ±as ğŸ•¸ saliendo asi en la pantalla ğŸ“º y pum ğŸ’¥ 
Revientas en orgasmo",Negativo
Hoy salio la segunda parte de el trailer de spiderman no way home q emocion @MarvelLATAM,Neutro
@MarvelLATAM Â¿Y si me regalan algo de mercancia? Es que el 17 de diciembre cumplo aÃ±os y eso me haria muy feliz UwU.,Neutro
@AdrianFelipeGut @DeTodiito_ @notashorny @MarvelLATAM Vendre aqui despues de ver la peli,Neutro
"@MancandyCine @MarvelLATAM Totalmente de acuerdo contigo, merece un mejor guion, creo que desperdiciaron a la actriz.",Positivo
"@MarvelLATAM si saben que ocultar el spiderverse cuenta como red flag? ğŸš©ğŸš©ğŸš©
Estupida no soy!!!!",Negativo
"@RodrigoSpada @mad4yu @Blacksince1 @MarvelLATAM @disneyplusla @laesponesa @SsjEmanuel_TW Toda esa parte de la peli (mencion especial al capi cogiendo el martillo de Thor), teniendo en cuenta todo lo que pasa en la anterior... Es grandiosa.",Neutro
"Â¿Como que en la nueva pelicula de @SpiderMan no sale el puerco araÃ±a?.
@MarvelLATAM 
@Sony 
@SpiderWeyTv
Estado: Con un chingo de tarea.",Neutro
@RodrigoSpada @mad4yu @Blacksince1 @SuperCapuchita @MarvelLATAM @disneyplusla @laesponesa A mi es que no me gustan mucho las peliculas de Marvel jajaja.,Neutro
@Dan_white09 @MarvelLATAM Con cuerdo con el desconocido,Negativo
@MarvelLATAM Adios popo https://t.co/H3yUX7EmMw,Neutro
"Gracias a @LaTri y tambien a @MarvelLATAM por el estreno del Trailer, anunciamos la fecha de lanzamiento del nuevo sencillo titulado #Atractiva ğŸ’›, nos vemos el 25 âœŒï¸ https://t.co/kXYhC8emm4",Positivo
@MarvelLATAM Es lo maximoğŸ¥µğŸ¥µğŸ¥µ,Positivo
"@jonix209 @Dan_white09 @MarvelLATAM Por el hype esto dara mas de que hablar, el solo la discusion de si eso es o no es les da un mar de publicidad gratis",Neutro
@MarvelLATAM Yo digo que me regalen 1 boleto para el estreno por cada spiderman que no salio en el trailer,Negativo
"@AlexMonthy @SonyPicturesMX @MarvelLATAM @DisneyStudios Callate, animal.",Negativo
@munguiailing123 @MarvelLATAM Guardalo bien,Positivo
"Aja, muy padre y todo el nuevo trailer de spiderman, pero, Â¿donde esta Andrew y Tobey? ğŸ˜¥ @disneyplusla @MarvelLATAM",Neutro
@Ana_Martina23 @MarvelLATAM Es tarde pero ES VERDAD LO DEL LAGARTO!! https://t.co/bKd1sqAXJt,Neutro
@jonix209 @Dan_white09 @MarvelLATAM Para no opacar al Spiderman principal de la pelicula,Negativo
"@MarvelLATAM es que es imposible que pongan a Peter (Tom) contra tres villanos solo, no no y no.",Negativo
"Ya hay nuevo trailer de â€˜Spider-Manâ€™; vuelven mas villanos, pero no los viejos superheroes https://t.co/QkMPZy9jsz a traves de @rcg71.com @Superficcionweb @SPE_LatinAM @MarvelLATAM",Negativo
"@jonix209 @Dan_white09 @MarvelLATAM pues, justamente por eso, (quiza) no los muestran porque asi la gente querra saber si estaran o no, y tendran que ir a verla.",Neutro
@MarvelLATAM nunca te he pedido nada pero por favor que el Doc mate a Ned,Neutro
A ver @MarvelLATAM que vrg te hemos hecho ? https://t.co/yEyG33Vv09,Neutro
"@AndreinaNow @jonix209 @Dan_white09 @MarvelLATAM Sinceramente no tenia idea ğŸ˜
Pero si se viene muy sobre cargada de todo ğŸ¥ºğŸ¥ºğŸ¥ºğŸ¥º",Neutro
@Dania_Banana @MarvelLATAM Vamos sobre ğŸ˜,Positivo
"@Raul_5510 @CherryJois @MarvelLATAM No mames, que pendejo",Negativo
"@jonix209 @Dan_white09 @MarvelLATAM Se llama mercadotecnia, te la presento",Neutro
@MarvelLATAM Y ahi se acaba la ilusion de ver a los tres spiderman,Negativo
"@MarvelLATAM No veo  @TobeyMaguire  ğŸ˜ªğŸ˜ª
Y a @andrewgarfield",Neutro
"@MarvelLATAM ya, pero electro pelea contra el doctor Octopus :v",Neutro
"#SpiderManNoWayHome

Sony es enserio ? @Peli_Comic @MarvelLATAM  :'v ni eso lo hacen bien https://t.co/wr7qHwq0g0",Neutro
@froxsz @cesarulices @odontogerardo @MarvelLATAM No es fake hay dos versiones del trailer,Neutro
"@MarvelLATAM 
Nunca he esperado nada de ustedes y, aun asi, logran decepcionarme...",Neutro
@Pantone181660 @MarvelLATAM Aun hay esperanza.,Positivo
"@mmariseel @MarvelLATAM Actua bien, pelea increible, merece mejor historia.",Positivo
@DeTodiito_ @notashorny @MarvelLATAM no se que esperas para llamarme a escribir los guiones de tus peliculas.,Negativo
@MarvelLATAM hptas JAJAJAJAJA,Negativo
"@MarvelLATAM haciendo chistes sobre los juegos del hambre, scooby doo, Batman, superman y hasta matrix... todas licencias de @wbpictures esto como que no le agarro la onda o bien... naaaaa esto ultimo no lo creo https://t.co/eADXg9O1xt",Negativo
"Que trailer tan vale Monda!! @MarvelLATAM me tenia que vacunar para poder entrar al cine! Ni me vacunare, ni una verga! Yo queria ver a Tobbie y Andrew. Aunque salgan en la pelicula me la vere pirateada ğŸ˜¡ğŸ˜¡ #NoWayHome",Neutro
"@Sony @MarvelLATAM @SpiderMan @BNPeriodismo Querido Sony, si aparecen 3 Tom Hollands en la pelicula te juro que me salgo del cine #pontepilassony",Neutro
@maferglez11 @Lennbrbds @MarvelLATAM Esta muy de hueva,Negativo
@MarvelLATAM Que ya salga tobey maguireâ¤ğŸ‘,Positivo
@JavierMChpas @MarvelLATAM Te voy a preparar tus anillos de oro para marchar contra la mineria.,Neutro
"@HBOMaxLA Ya va siendo hora que creen un mega crossover  entre @DCComics y @Marvel , ya sea para cine o para streaming.. los fans nos lo merecemos! @MarvelLATAM @DCcomicsMX @hbomax",Positivo
"@rmejiasolis @MarvelLATAM Mejor, arruinarian la sorpresa",Positivo
No estoy listo para otra muerte @MarvelLATAM no webeen ğŸ˜ª https://t.co/ra6hlaodSn,Negativo
"@Sneydertorres15 @ElDelMedallo @MarvelLATAM Guion filtrado, guarden tweet",Negativo
@MarvelLATAM El trailer que sacaron esta editado tal como otros trailer viejos muestran cosas que despues en la peli ni salen de la misma manera... En esa parte salen los 3 spiderman pero editaron el video como si no estuvieran,Negativo
@M_nux @jonix209 @Dan_white09 @MarvelLATAM Tiene tieeeempo que habian confirmado a elektro y al hombre de arena. Solo no aparecieron en el trailer anterior,Negativo
"@MarvelLATAM Gritos de perra loca 1, 2, 3 haaaaaaaa",Negativo
@EmmanuelGorbik @MarvelLATAM @nacionmarvel El viento de la rosa de Guadalupe,Negativo
@MarvelLATAM Y la mejor!,Positivo
Que paso @SPE_LatinAM @MarvelLATAM .....  No ajusto el fhotochoc? https://t.co/tSkbVZ5KxM,Neutro
@MrsAndrew02 @disneyplusla @MarvelLATAM gracias ğŸ¤©,Positivo
#SpiderManNoWayHome es tendencia en la ciudad de #Lima | @MarvelLATAM https://t.co/cLHXSehfz5,Neutro
@MarvelLATAM Octopus lo haran un buffon clasico de disney ğŸ™„,Positivo
"Quien le pega al Lagarto?
No jodas Marvel  @MarvelLATAM
@nacionmarvel #SpiderMan #SpiderManNowWayHome #SpiderverseConfirmado https://t.co/gIjgQkFFPB",Negativo
"@MarvelLATAM Â¡Â¡Â¡Â¿Â¿Â¿Y donde estan Tobey y Andres????!!!! Marvel, no solo yo, si no los fans tambien necesitan una respuesta. Â¿Como rayos van a meter a los 6 siniestros sin contar con los otros Spider-Man? Para eso no hagan nada.",Negativo
@ElJunk2 @odontogerardo @MarvelLATAM este es un deep fake face... confirmado,Positivo
"@MarvelLATAM Si se dan cuenta en esta escena se muestran los andamios multidireccionales donde se filtraron las dos fotos de Tobey y Andrew anteriormente, es el mismo escenario https://t.co/Rurmw0Rdpb",Neutro
"@MancandyCine @MarvelLATAM Siento que siempre esperamos mas de ella, por ser quien es pero... estuvo bastante bien dentro de todo.",Positivo
@MarvelLATAM Que patadon le dan al lagarto. Fue el espiritu del tio Ben. #SpiderManNoWayHomeTrailer https://t.co/4UPoNd5YxB,Neutro
Ponganle un condon al multi verso que se viene ğŸ¤‘ @MarvelLATAM,Positivo
"@odontogerardo @MarvelLATAM Porque ahi van los otros dos Spiderman, no estan puestos los cgi",Negativo
@MarvelLATAM MI CORAZ NO PUEDE ESPERAR.,Neutro
"@MarvelLATAM Pero que ha pasao :0
https://t.co/IL3uBwKcI9 https://t.co/HAfG299bPc",Neutro
@cesarulices @odontogerardo @MarvelLATAM Es el modo sabio de naruto jajajajja el q le pega jajajaja,Negativo
@teloresumo @MarvelLATAM @Cinepolis #SpiderManNoWayHome  venga Marvel dame la mejor noche de navidad!! https://t.co/Sq328zSXGr,Neutro
@EmmanuelVasC @Lennbrbds @MarvelLATAM No tienes perdon,Positivo
@diegoyiyo @MarvelLATAM Pero en que trailer sale eso...ğŸ¤”ğŸ¤”ğŸ¤”ğŸ¤”,Negativo
@MarvelLATAM Estoy super nervioso para verla ğŸ˜”,Negativo
"@odontogerardo @MarvelLATAM Es vd , el trailer es de brazil",Positivo
@fernanda_cg8 @MarvelLATAM pagame mi terapia plsss,Negativo
"Ahora solo estamos mas confundidos, queremos respuestas @SonyPicturesMX @MarvelLATAM @SpiderManMovie #SpiderManNoWayHome #GreenGoblin",Negativo
"@MarvelLATAM Muy chingon el trailer y emocionado por la pelicula,pero si me decepciono un poco no ver al spidercholo, ojala sea una sorpresa que nos tienen guardada https://t.co/CyIg2tsDX4",Neutro
@JavierMChpas @MarvelLATAM Ya le tome SS xD,Neutro
"Hemos comenzado a recibir visitas... de cada universo. Ve el nuevo trailer oficial de #SpiderMan #SinCaminoACasa exclusivamente en cines este 16 de diciembre.
@SonyPicturesMX @MarvelLATAM https://t.co/lcqXusFii3",Neutro
"La piÃ±a fantasma que se come lagarto ajajajajaja 
Que pelotudos son @SonyPicturesArg y @MarvelLATAM 
Hubiesen presentado a los actores en lugar de que se les filtre algo asi https://t.co/pc2SYWczGU",Neutro
"@Eder_99 @MarvelLATAM Bro, ya lo descargue!!!! A mi no me agarran asi",Negativo
"Si no aparece Tobey me vuelvo comunista
Primer aviso @MarvelLATAM",Neutro
"Alguien me explica quien mierda le pego al lagarto en la foto!!
@MarvelLATAM https://t.co/nCYcZj0KZm",Negativo
"Se estreno el segundo trailer de #SpiderManNoWayHome y supero las 5 millones de visitas en una hora. Vea aqui el video. https://t.co/QkT07nVUxk 

@Cupsfire_gye @JankJuan @SPE_LatinAM @MarvelLATAM",Neutro
@cesarulices @maury2401 @MarvelLATAM Yo me imagino que ahi salen los otros Spiderman,Negativo
Explicame esto @SPE_LatinAM @MarvelLATAM ğŸ¤”ğŸ¤”ğŸ¤” https://t.co/nlkqwjjeMP,Neutro
"@ElDelMedallo @MarvelLATAM En brasil sacaron este, al lagarto le pegaron los goles de duvan en la seleccion https://t.co/cNhNZ2gFo1",Neutro
"@BolovanTo @MarvelLATAM y si te dicen que es falso porque no coiside con el trailer de youtube, ve a la cuenta de Twitter de Sony Brasil ahi esta el video hahaha",Negativo
@macv82 @MarvelLATAM Claro el conoce es a Tobey,Neutro
@MarvelLATAM Falta todavia el sexto siniestro...solo han mostrado a cinco...ğŸ¤”ğŸ¤”ğŸ¤”,Negativo
Si no sale Andrew y Tobey los voy a demandar por estres y ansiedad @MarvelLATAM,Negativo
Me tienes harto con tus mentiras @MarvelLATAM ğŸ¤¡ https://t.co/pgUSrdE8n5,Negativo
@Eder_99 @MarvelLATAM Maldito seas!!!!! Casi caigo,Negativo
"@Dan_white09 @MarvelLATAM Mira el trailer que subio Sony Pictures entertainment Brasil, se ve que alguien patea al lagarto.",Neutro
"@lucio_navall @DavidLpezValle1 @MarvelLATAM Si te fijas debajo se ve una foto de lo que sera el proyecto, parece que sera una estatua del Capi...",Negativo
"Ya estuvo bueno pero.... @MarvelLATAM

#SpiderManNoWayHome 
#SpiderverseConfirmado https://t.co/jEKF3yvMhL",Neutro
"@MarvelLATAM #SpiderMan #DoctorStrange 
Ya estoy lista para ir al cine a ver #SpiderManNoWayHome  con @SaraBelnHernnd1",Negativo
@drmtzrebolloso @MarvelLATAM Uyyy ya quiero verlaaaa,Positivo
@MarvelLATAM Atencion... El Tom que trae la sudadera amarilla no se avienta por MJ al parecer no tiene telaraÃ±a... Y En OTRO CUADRO se avienta el iron spider,Neutro
"@jonix209 @Dan_white09 @MarvelLATAM En el trailer de Endgame borran a Profesor Hulk y a Thor para no quemar las sorpresas de ambos personajes.

ğŸ˜ğŸ‘Œ https://t.co/Fv5w9yfgf5",Negativo
"@jonix209 @Dan_white09 @MarvelLATAM De todos modos vas a tener los cines en colapso.

No mostrarlos es pura publicidad y politicas de los actores. Ni ellos hablan.",Negativo
"Hola @MarvelLATAM.

Suficiente tengo con vivir en Venezuela, para que ustedes vengan a querer quitarme mi spiderverse. 

Mas les vale que esten Andrew y Tobie en la pelicula, porque sino el problemon que va haber no va a ser normal. 

Los quiero mucho.",Neutro
Para mi el spider-verse esta mas confirmado y sino @Disney @MarvelLATAM https://t.co/5vDugRv82g,Neutro
"@mariqata @MarvelLATAM Wujajaja 
*Le devuelven el dinero jaja",Negativo
@MarvelLATAM @SPE_LatinAM la concha de su familia ni la otra mugrienta me hizo pegar tal ilusionada como ustedes hoy,Neutro
"Voy a pagar una entrada para que me den a Tobey Maguire, Andrew Garfield, y William Defoe. Sino seras demandado @MarvelLATAM tamo? https://t.co/HNacXEkoFP",Negativo
@MarvelLATAM si Tobey Maguire no sale en la pelicula voy a comerme a uno de sus empleados de atencion al cliente,Neutro
@elpablistico @MarvelLATAM Jajajaja Sii,Positivo
@willy_quezada @misaelmm2 @MarvelLATAM El trailer juega con nosotros. Si estan Andrew y Tobey . Claramente se ve como el lagarto ni siquiera de lanza hacia tom. Lo mismo con electro . Alli faltan otros 2 . Una batalla de 3 vs 3 . Epico . https://t.co/lagzwr9QAj,Negativo
@jonix209 @Dan_white09 @MarvelLATAM Si pero tambien los que iban a ir a ver la pelicula solo por el misterio de si salen o no ya no irian asi que ambos lados ganan,Negativo
@MarvelLATAM @MarvelLATAM Manden me las entradas. JajajağŸ¤£,Neutro
@MarvelLATAM Borraron a un spiderman digitalmente jajajaja,Negativo
"@Ana_Martina23 @MarvelLATAM Totalmente. Es Marvel.
Aun espero a Hulk en Wakanda contra los aliens",Positivo
@CarnageCr @Dan_white09 @MarvelLATAM Ademas el escenario coincide con la imagen filtrada de Andrew y Tobey. https://t.co/oE87ddXqyj,Neutro
@Dan_white09 @MarvelLATAM Ademas el escenario coincide con la imagen filtrada de Andrew y Tobey. https://t.co/kJIZI3Su5X,Neutro
"@MarvelLATAM @jorgeivan995 Nos vemos en el cine!! ğŸ¤©ğŸ¥°ğŸ˜ğŸ¥°ğŸ˜ğŸ¥°ğŸ¤©
#SpiderMan #Spiderverse  #SpiderManNoWayHomeTrailer2 #SpiderManSinCaminoaCasa #SPIDERMANNOWAYHOME #SpiderManLotus https://t.co/6mfZyJAOKh",Neutro
"@elpablistico @MarvelLATAM Nono, me referia a que estoy segura que el trailer esta editado https://t.co/H3AXIBWgeI",Neutro
@MarvelLATAM No entedi  nada XD,Neutro
"Por mi se pueden meter el trailer en el orto, sino lo quieren hacer bien no lo hagan @MarvelLATAM https://t.co/QOqR08UrpG",Negativo
@Sergio317 @MarvelLATAM ya me vi como la gran puta en el cine el 17 de Diciembre donde no aparezca tobey! ğŸ˜‚JAJAJAJA,Positivo
"@Ana_Martina23 @MarvelLATAM Siii, es fake lpm.
Peeeeero en esa escena el lagarto no va al Spidey de en medio.
Y sabemos como son los trailers",Neutro
@Andresp0428 @ElDelMedallo @MarvelLATAM Fuente:  de los deseos,Positivo
@mariqata @MarvelLATAM Calmate ğŸ¤£ğŸ¤£,Negativo
No hay pelicula en esta vida que causen mas hype que infinity war y spiderman no way home @MarvelLATAM,Neutro
"@MarvelLATAM Tengo un mal presentimiento sobre esta pelicula, pero si matan a MJ les perdonaria cualquier cosa (creo).",Negativo
NO ME MATEN A ZENDAYA. AVISAOS ESTAN. @Disney @MarvelLATAM,Neutro
"@Sergio317 @MarvelLATAM ğŸ¤¡ğŸ˜‚ğŸ˜‚ğŸ˜‚ JAJAJAJJAJAJA, DAME UN MOMENTO QUE ESTO DE VERDAD ME AFECTA. ğŸ¥ºğŸ˜­",Neutro
"@Nattiadams @cesarulices @MarvelLATAM Se termina de confirmar, en el minuto 0:55, en el trailer de sony brasil, fijense en lagarto... 
https://t.co/k6FscA2EjY",Neutro
@ElDimensionsbru @MarvelLATAM JAJAJAJAJAJAJA,Negativo
@ErIingBraut @ElDelMedallo @MarvelLATAM Fea esa hpta como ella sola,Negativo
@elpablistico @MarvelLATAM Yo estoy seguro que lo editaron. 100%,Positivo
@Juanpitaalvarez @MarvelLATAM No lo quiero aceptar ğŸ˜”ğŸ˜­,Positivo
"@MarvelLATAM el video esta editado en donde esta la pelea con el lagarto , electro y el hombre de arena, ahi claramente se ve que cada quien esta peleando con otro spiderman",Negativo
@MarvelLATAM NECESITO QUE SEA DICIEMBRE YA,Neutro
@ElDelMedallo @MarvelLATAM Ah proposito esa Zendaya o como se escriba es muy regularcita,Neutro
"QUEEEEEEEEE, QUIEN CHOTA ESTA LLEGANDO @MarvelLATAM NECESITO EXPLICACIONES https://t.co/ANCefH6hYU",Neutro
@MarvelLATAM ESE ES ANDREW? https://t.co/Lj3GY09KZb,Neutro
Hijos de su putisima madre tanto les costaba decirnos si va salir Tobey!? @MarvelLATAM #SPIDERMANNOWAYHOME,Negativo
@MarvelLATAM El lagarto recibio un golpe del alma de Tony Stark ğŸ¤­ https://t.co/5AkETSaSgn,Negativo
@beto_thewolf @SonyPicturesMX @MarvelLATAM @spideysnews Quieren que reventemos los cines...,Negativo
"Pinche @MarvelLATAM primero nos quieres vender a un chinito, luego a los vengadores milenials y ahora un spider man sin #Multiverse ğŸ¤¬ğŸ¤¬ğŸ¤¬ neta me estas perdiendo",Neutro
"@piiedelimon @MarvelLATAM Se que el viene de otro universo, claro que no es su Peter",Neutro
@MarvelLATAM @Marvel @MarvelStudios  Saquense la verga porfa,Negativo
@MarvelLATAM Casi caigo hijo de puta :v hahahaha https://t.co/MlUns7Ucxo,Negativo
"@_asotoj @MarvelLATAM You are not Peter Parker.

Creo que eso lo dice todo.",Neutro
"@MarvelLATAM Minuto 2:34, la mano que salva a MJ no es del traje de @TomHolland1996 parece mas la mano del traje de @TobeyMaguire",Positivo
@MarvelLATAM Muerooooo,Negativo
@MarvelLATAM Â¿ Y los Spider- Man's  papa?,Neutro
"@Dan_white09 @MarvelLATAM Marvel muchas veces lo.hace, edita los trailer, lo mismo paso en Infinity War con Hulk en Wakanda.",Neutro
"@SonyPicturesMX @MarvelLATAM metanle nitro al 3 trailer, necesito respuestas",Neutro
"@MarvelLATAM @CinemarkHoyts pongan fecha, no puedo esta F5 todo el tiempo",Neutro
@Lic_Fajitas @MarvelLATAM Los OG se acuerdan del primer tweet https://t.co/MOv4G1zuxN,Positivo
"@chalinadeviejo @rmejiasolis @MarvelLATAM Estan editados, Marvel siempre hace eso con sus trailers. Ademas con lo que se ha filtrado y el trailer oficial si hacen match.",Neutro
@MarvelLATAM Con urgencia necesito respuestas https://t.co/v1723w9e6W,Neutro
"No marvel no puede ser, como no anunciaste el spider verse, yo no te pienso dar mi dinero. Vales pipi @MarvelLATAM asi es, dije pipi",Neutro
Con respecto al trailer de Spiderman de @MarvelLATAM la gente esperaba ver a los iconicos y al final nos dan una explicacion de que Peter/Holland debera pelear contra los villanos muertos .... :c se rompe la ilusion del Spiderverse como el chasquido de Thanos.,Negativo
@MarvelLATAM Â¿No estaran?ğŸ¥º,Positivo
"@MarvelLATAM jugazte con mis sentimientos.. yo ahoritağŸ¤¡ğŸ¤¡

#SpiderManNoWayHome",Positivo
"@MarvelLATAM wao, me encanta",Positivo
@lucio_navall @MarvelLATAM Correcto ğŸ‘ğŸ¼ lo estaba analizando y mire ya 6 veces el Trailer joder la pasada de la pelea en la carretera se ve espectacular ğŸ•·ï¸ğŸ•¸ï¸.,Negativo
"@Dan_white09 @MarvelLATAM Si observan bien la imagen arriba hay una silueta roja y abajo una silueta azul.
Al parecer modificaron el metraje y ocultaron a los personajes para el dia de la pelicula. https://t.co/OBLt25p8j1",Neutro
@MarvelLATAM Se ven bien pendejos sacando teorias,Positivo
@Lennbrbds Perdon @MarvelLATAM,Positivo
@cesarulices @maury2401 @MarvelLATAM Hay fierros! No necesito mas pruebas seÃ±or juez! https://t.co/sPr7278vYW,Neutro
@Miruzha @MarvelLATAM PAL rancho no llegaba el escai ğŸ¤£ğŸ¤£ğŸ¤£,Negativo
@rmejiasolis @MarvelLATAM Lo mismo digo,Neutro
"Seguimos con el #RetoGalactico que nos propuso @MarvelLATAM y @SquareEnixLatam de terminar #GuardiansOfTheGalaxy en menos de una semana en directo y obvio es en el canal de @V1rtualZon3 

https://t.co/V940kIMSTN

#Twitch #TwitchStreamers #Twitchstream #twitchaffiliate",Neutro
"@cesarulices @MarvelLATAM Esto es clara referencia, no podes meter al actor anterior, y mostrar que conoce a OTRO peter parker, y no mostrar a ese.",Neutro
